field,description
Software Engineering,"
        Name: John Doe
        Address: 123 Main Street, San Francisco, CA
        Phone: (123) 456-7890
        Email: john.doe@example.com

        Objective: Passionate software engineer with 5+ years of experience in building scalable web applications and distributed systems.

        Skills:
        - Programming Languages: Python, Java, JavaScript
        - Frameworks: React.js, Node.js, Django
        - Tools: Docker, Kubernetes, Git, Jenkins
        - Databases: MySQL, MongoDB, PostgreSQL

        Experience:
        - Senior Software Engineer at TechCorp (2019–2024)
          - Led a team of 5 developers to design a cloud-based inventory management system.
          - Increased system efficiency by 30% through optimized algorithms.
        - Software Engineer at CodeBase (2016–2019)
          - Developed and deployed RESTful APIs for client-facing applications.
          - Reduced response time by 40% through backend optimizations.

        Education:
        - B.Sc. in Computer Science, Stanford University, 2016
        "
Data Science,"
        Name: Jane Smith
        Address: 456 Elm Street, New York, NY
        Phone: (987) 654-3210
        Email: jane.smith@example.com

        Objective: Data scientist with expertise in machine learning and statistical modeling, seeking a challenging role to leverage skills in data-driven decision-making.

        Skills:
        - Programming Languages: Python, R, SQL
        - Tools: Tableau, Power BI, TensorFlow, Scikit-learn
        - Techniques: Regression analysis, Clustering, Neural networks

        Experience:
        - Data Scientist at DataWave (2020–2024)
          - Built predictive models that increased sales by 15% for e-commerce clients.
          - Automated data pipelines, saving 10+ hours of manual work weekly.
        - Data Analyst at InsightAnalytics (2018–2020)
          - Created dashboards and visualizations for client performance metrics.
          - Conducted A/B testing to improve marketing strategies.

        Education:
        - M.Sc. in Data Science, Columbia University, 2018
        "
Digital Marketing,"
        Name: Mark Taylor
        Address: 789 Pine Street, Los Angeles, CA
        Phone: (456) 789-0123
        Email: mark.taylor@example.com

        Objective: Results-driven digital marketing expert with 7+ years of experience in SEO, SEM, and social media campaigns.

        Skills:
        - Digital Platforms: Google Ads, Facebook Ads, LinkedIn Ads
        - SEO/SEM: Keyword research, Link building, PPC
        - Analytics: Google Analytics, Hotjar, HubSpot

        Experience:
        - Digital Marketing Manager at MarketExperts (2017–2024)
          - Improved organic traffic by 45% through effective SEO strategies.
          - Managed ad budgets exceeding $500k annually with a 20% ROI increase.
        - Social Media Strategist at BuzzBoost (2014–2017)
          - Grew social media following by 80% through targeted campaigns.
          - Launched influencer marketing initiatives, boosting engagement rates.

        Education:
        - B.A. in Marketing, UCLA, 2014
        "
Field 4,"
        Name: Person 4
        Address: 400 Generic Avenue, City 4, State 4
        Phone: (000) 111-2240
        Email: person4@example.com

        Objective: Highly motivated individual with a proven track record in 4 years of experience in the field 4 industry.

        Skills:
        - Skill 1: Specialized in field 4 operations and tools.
        - Skill 2: Proficient in industry-specific software/tools.
        - Skill 3: Strong analytical and problem-solving skills.

        Experience:
        - Job Title at Company 4 (2015–2024)
          - Successfully implemented strategies to optimize outcomes in field 4.
          - Achieved significant milestones and recognition for contributions.

        Education:
        - Degree in Relevant Major, University of 4, 2015
        "
Field 5,"
        Name: Person 5
        Address: 500 Generic Avenue, City 5, State 5
        Phone: (000) 111-2250
        Email: person5@example.com

        Objective: Highly motivated individual with a proven track record in 5 years of experience in the field 5 industry.

        Skills:
        - Skill 1: Specialized in field 5 operations and tools.
        - Skill 2: Proficient in industry-specific software/tools.
        - Skill 3: Strong analytical and problem-solving skills.

        Experience:
        - Job Title at Company 5 (2015–2024)
          - Successfully implemented strategies to optimize outcomes in field 5.
          - Achieved significant milestones and recognition for contributions.

        Education:
        - Degree in Relevant Major, University of 5, 2015
        "
Field 6,"
        Name: Person 6
        Address: 600 Generic Avenue, City 6, State 6
        Phone: (000) 111-2260
        Email: person6@example.com

        Objective: Highly motivated individual with a proven track record in 6 years of experience in the field 6 industry.

        Skills:
        - Skill 1: Specialized in field 6 operations and tools.
        - Skill 2: Proficient in industry-specific software/tools.
        - Skill 3: Strong analytical and problem-solving skills.

        Experience:
        - Job Title at Company 6 (2015–2024)
          - Successfully implemented strategies to optimize outcomes in field 6.
          - Achieved significant milestones and recognition for contributions.

        Education:
        - Degree in Relevant Major, University of 6, 2015
        "
Field 7,"
        Name: Person 7
        Address: 700 Generic Avenue, City 7, State 7
        Phone: (000) 111-2270
        Email: person7@example.com

        Objective: Highly motivated individual with a proven track record in 7 years of experience in the field 7 industry.

        Skills:
        - Skill 1: Specialized in field 7 operations and tools.
        - Skill 2: Proficient in industry-specific software/tools.
        - Skill 3: Strong analytical and problem-solving skills.

        Experience:
        - Job Title at Company 7 (2015–2024)
          - Successfully implemented strategies to optimize outcomes in field 7.
          - Achieved significant milestones and recognition for contributions.

        Education:
        - Degree in Relevant Major, University of 7, 2015
        "
Field 8,"
        Name: Person 8
        Address: 800 Generic Avenue, City 8, State 8
        Phone: (000) 111-2280
        Email: person8@example.com

        Objective: Highly motivated individual with a proven track record in 8 years of experience in the field 8 industry.

        Skills:
        - Skill 1: Specialized in field 8 operations and tools.
        - Skill 2: Proficient in industry-specific software/tools.
        - Skill 3: Strong analytical and problem-solving skills.

        Experience:
        - Job Title at Company 8 (2015–2024)
          - Successfully implemented strategies to optimize outcomes in field 8.
          - Achieved significant milestones and recognition for contributions.

        Education:
        - Degree in Relevant Major, University of 8, 2015
        "
Field 9,"
        Name: Person 9
        Address: 900 Generic Avenue, City 9, State 9
        Phone: (000) 111-2290
        Email: person9@example.com

        Objective: Highly motivated individual with a proven track record in 9 years of experience in the field 9 industry.

        Skills:
        - Skill 1: Specialized in field 9 operations and tools.
        - Skill 2: Proficient in industry-specific software/tools.
        - Skill 3: Strong analytical and problem-solving skills.

        Experience:
        - Job Title at Company 9 (2015–2024)
          - Successfully implemented strategies to optimize outcomes in field 9.
          - Achieved significant milestones and recognition for contributions.

        Education:
        - Degree in Relevant Major, University of 9, 2015
        "
Field 10,"
        Name: Person 10
        Address: 1000 Generic Avenue, City 10, State 10
        Phone: (000) 111-22100
        Email: person10@example.com

        Objective: Highly motivated individual with a proven track record in 10 years of experience in the field 10 industry.

        Skills:
        - Skill 1: Specialized in field 10 operations and tools.
        - Skill 2: Proficient in industry-specific software/tools.
        - Skill 3: Strong analytical and problem-solving skills.

        Experience:
        - Job Title at Company 10 (2015–2024)
          - Successfully implemented strategies to optimize outcomes in field 10.
          - Achieved significant milestones and recognition for contributions.

        Education:
        - Degree in Relevant Major, University of 10, 2015
        "
